DATETIME,price
01-01-2013 09:15,242.65
02-01-2013 09:15,245.06
03-01-2013 09:15,247.16
04-01-2013 09:15,248.67
07-01-2013 09:15,246.76
08-01-2013 09:15,249.34
09-01-2013 09:15,252.28
10-01-2013 09:15,253.91
11-01-2013 09:15,249.11
14-01-2013 09:15,249.98
15-01-2013 09:15,248.99
16-01-2013 09:15,243.24
17-01-2013 09:15,246.99
18-01-2013 09:15,249.21
21-01-2013 09:15,249.95
22-01-2013 09:15,246.45
23-01-2013 09:15,248.04
24-01-2013 09:15,245.92
25-01-2013 09:15,251.37
28-01-2013 09:15,249.16
29-01-2013 09:15,246.25
30-01-2013 09:15,243.61
31-01-2013 09:15,243.8
01-02-2013 09:15,241.24
04-02-2013 09:15,235.26
05-02-2013 09:15,237.15
06-02-2013 09:15,234.87
07-02-2013 09:15,232.66
08-02-2013 09:15,228.62
11-02-2013 09:15,229.44
12-02-2013 09:15,229.64
13-02-2013 09:15,225.47
14-02-2013 09:15,221.58
15-02-2013 09:15,223.35
18-02-2013 09:15,226.27
19-02-2013 09:15,227.35
20-02-2013 09:15,225.21
21-02-2013 09:15,221.06
22-02-2013 09:15,219.6
25-02-2013 09:15,222.09
26-02-2013 09:15,219.84
27-02-2013 09:15,221.34
28-02-2013 09:15,208.09
01-03-2013 09:15,208.77
04-03-2013 09:15,209.95
05-03-2013 09:15,212.86
06-03-2013 09:15,216.86
07-03-2013 09:15,216.62
08-03-2013 09:15,220.95
11-03-2013 09:15,220.47
12-03-2013 09:15,220.69
13-03-2013 09:15,217.94
14-03-2013 09:15,225.51
15-03-2013 09:15,226.2
18-03-2013 09:15,224.98
19-03-2013 09:15,220.36
20-03-2013 09:15,212.04
21-03-2013 09:15,211.95
22-03-2013 09:15,208.4
25-03-2013 09:15,205.83
26-03-2013 09:15,205.03
28-03-2013 09:15,207.28
01-04-2013 09:15,209.06
02-04-2013 09:15,214.05
03-04-2013 09:15,210.46
04-04-2013 09:15,206.76
05-04-2013 09:15,205.67
08-04-2013 09:15,203.37
09-04-2013 09:15,198.83
10-04-2013 09:15,202.32
11-04-2013 09:15,204.24
12-04-2013 09:15,208.18
15-04-2013 09:15,214.63
16-04-2013 09:15,218.31
17-04-2013 09:15,224.52
18-04-2013 09:15,229.97
22-04-2013 09:15,232.71
23-04-2013 09:15,228.75
25-04-2013 09:15,233.46
26-04-2013 09:15,228.8
29-04-2013 09:15,227.36
30-04-2013 09:15,226.43
02-05-2013 09:15,229.95
03-05-2013 09:15,221.38
06-05-2013 09:15,222.61
07-05-2013 09:15,225.68
08-05-2013 09:15,225.47
09-05-2013 09:15,229.1
10-05-2013 09:15,229.36
11-05-2013 09:15,230.57
13-05-2013 09:15,227.77
14-05-2013 09:15,229.31
15-05-2013 09:15,238.28
16-05-2013 09:15,241.94
17-05-2013 09:15,242.49
20-05-2013 09:15,241.18
21-05-2013 09:15,236.07
22-05-2013 09:15,236.3
23-05-2013 09:15,217.76
24-05-2013 09:15,215.12
27-05-2013 09:15,216.21
28-05-2013 09:15,212.98
29-05-2013 09:15,210.63
30-05-2013 09:15,208.86
31-05-2013 09:15,204.68
03-06-2013 09:15,206.99
04-06-2013 09:15,202.82
05-06-2013 09:15,203.18
06-06-2013 09:15,204.88
07-06-2013 09:15,202.42
10-06-2013 09:15,201.16
11-06-2013 09:15,199.75
12-06-2013 09:15,200.61
13-06-2013 09:15,201.88
14-06-2013 09:15,204.59
17-06-2013 09:15,206.58
18-06-2013 09:15,204.36
19-06-2013 09:15,204.58
20-06-2013 09:15,199.76
21-06-2013 09:15,198.91
24-06-2013 09:15,194.85
25-06-2013 09:15,190.78
26-06-2013 09:15,190.01
27-06-2013 09:15,191.25
28-06-2013 09:15,195.38
01-07-2013 09:15,201.56
02-07-2013 09:15,198.99
03-07-2013 09:15,189.88
04-07-2013 09:15,190.0
05-07-2013 09:15,189.45
08-07-2013 09:15,187.32
09-07-2013 09:15,189.47
10-07-2013 09:15,187.63
11-07-2013 09:15,191.14
12-07-2013 09:15,189.34
15-07-2013 09:15,191.23
16-07-2013 09:15,182.77
17-07-2013 09:15,180.67
18-07-2013 09:15,182.43
19-07-2013 09:15,181.13
22-07-2013 09:15,182.47
23-07-2013 09:15,186.1
24-07-2013 09:15,180.13
25-07-2013 09:15,179.82
26-07-2013 09:15,176.53
29-07-2013 09:15,174.01
30-07-2013 09:15,172.33
31-07-2013 09:15,170.84
01-08-2013 09:15,168.32
02-08-2013 09:15,168.06
05-08-2013 09:15,168.23
06-08-2013 09:15,164.14
07-08-2013 09:15,171.61
08-08-2013 09:15,166.42
12-08-2013 09:15,160.54
13-08-2013 09:15,162.0
14-08-2013 09:15,162.44
16-08-2013 09:15,157.06
19-08-2013 09:15,153.05
20-08-2013 09:15,155.41
21-08-2013 09:15,154.8
22-08-2013 09:15,156.48
23-08-2013 09:15,155.91
26-08-2013 09:15,155.73
27-08-2013 09:15,152.0
28-08-2013 09:15,149.79
29-08-2013 09:15,148.78
30-08-2013 09:15,151.9
02-09-2013 09:15,151.64
03-09-2013 09:15,147.57
04-09-2013 09:15,149.42
05-09-2013 09:15,163.82
06-09-2013 09:15,163.46
10-09-2013 09:15,163.35
11-09-2013 09:15,169.01
12-09-2013 09:15,165.84
13-09-2013 09:15,166.11
16-09-2013 09:15,164.64
17-09-2013 09:15,163.37
18-09-2013 09:15,167.37
19-09-2013 09:15,180.78
20-09-2013 09:15,174.76
23-09-2013 09:15,165.47
24-09-2013 09:15,164.5
25-09-2013 09:15,169.27
26-09-2013 09:15,167.61
27-09-2013 09:15,164.07
30-09-2013 09:15,161.49
01-10-2013 09:15,164.34
03-10-2013 09:15,166.02
04-10-2013 09:15,165.07
07-10-2013 09:15,163.31
08-10-2013 09:15,160.76
09-10-2013 09:15,160.9
10-10-2013 09:15,163.3
11-10-2013 09:15,165.28
14-10-2013 09:15,165.72
15-10-2013 09:15,162.28
17-10-2013 09:15,162.13
18-10-2013 09:15,166.46
21-10-2013 09:15,167.16
22-10-2013 09:15,167.53
23-10-2013 09:15,171.66
24-10-2013 09:15,171.83
25-10-2013 09:15,172.1
28-10-2013 09:15,167.54
29-10-2013 09:15,174.05
30-10-2013 09:15,172.11
31-10-2013 09:15,179.68
01-11-2013 09:15,187.9
03-11-2013 09:15,188.63
05-11-2013 09:15,187.6
06-11-2013 09:15,180.96
07-11-2013 09:15,175.26
08-11-2013 09:15,174.43
11-11-2013 09:15,170.44
12-11-2013 09:15,167.3
13-11-2013 09:15,169.71
14-11-2013 09:15,172.31
18-11-2013 09:15,176.76
19-11-2013 09:15,182.34
20-11-2013 09:15,179.57
21-11-2013 09:15,176.3
22-11-2013 09:15,173.8
25-11-2013 09:15,180.67
26-11-2013 09:15,178.53
27-11-2013 09:15,176.37
28-11-2013 09:15,176.36
29-11-2013 09:15,181.95
02-12-2013 09:15,182.22
03-12-2013 09:15,181.35
04-12-2013 09:15,181.74
05-12-2013 09:15,185.6
06-12-2013 09:15,185.96
09-12-2013 09:15,189.09
10-12-2013 09:15,184.33
11-12-2013 09:15,179.66
12-12-2013 09:15,177.7
13-12-2013 09:15,174.36
16-12-2013 09:15,173.21
17-12-2013 09:15,171.83
18-12-2013 09:15,176.34
19-12-2013 09:15,173.11
20-12-2013 09:15,175.12
23-12-2013 09:15,175.85
24-12-2013 09:15,175.93
26-12-2013 09:15,175.35
27-12-2013 09:15,177.01
30-12-2013 09:15,176.46
31-12-2013 09:15,176.65
01-01-2014 09:15,176.51
02-01-2014 09:15,174.26
03-01-2014 09:15,171.97
06-01-2014 09:15,168.82
07-01-2014 09:15,166.14
08-01-2014 09:15,165.72
09-01-2014 09:15,163.98
10-01-2014 09:15,160.82
13-01-2014 09:15,164.13
14-01-2014 09:15,162.75
15-01-2014 09:15,164.07
16-01-2014 09:15,163.62
17-01-2014 09:15,162.16
20-01-2014 09:15,164.19
21-01-2014 09:15,165.95
22-01-2014 09:15,164.69
23-01-2014 09:15,165.83
24-01-2014 09:15,162.12
27-01-2014 09:15,159.45
28-01-2014 09:15,159.63
29-01-2014 09:15,157.37
30-01-2014 09:15,151.66
31-01-2014 09:15,152.39
03-02-2014 09:15,148.84
04-02-2014 09:15,151.54
05-02-2014 09:15,152.17
06-02-2014 09:15,150.49
07-02-2014 09:15,152.76
10-02-2014 09:15,151.41
11-02-2014 09:15,151.97
12-02-2014 09:15,153.25
13-02-2014 09:15,150.06
14-02-2014 09:15,147.51
17-02-2014 09:15,147.36
18-02-2014 09:15,150.1
19-02-2014 09:15,150.81
20-02-2014 09:15,148.06
21-02-2014 09:15,150.21
24-02-2014 09:15,151.05
25-02-2014 09:15,150.6
26-02-2014 09:15,152.04
28-02-2014 09:15,153.33
03-03-2014 09:15,151.84
04-03-2014 09:15,155.04
05-03-2014 09:15,157.66
06-03-2014 09:15,157.74
07-03-2014 09:15,164.97
10-03-2014 09:15,169.22
11-03-2014 09:15,167.48
12-03-2014 09:15,164.51
13-03-2014 09:15,165.21
14-03-2014 09:15,165.42
18-03-2014 09:15,170.13
19-03-2014 09:15,170.89
20-03-2014 09:15,167.8
21-03-2014 09:15,170.22
22-03-2014 09:15,170.35
24-03-2014 09:15,172.56
25-03-2014 09:15,174.34
26-03-2014 09:15,176.75
27-03-2014 09:15,183.7
28-03-2014 09:15,190.2
31-03-2014 09:15,191.77
01-04-2014 09:15,189.37
02-04-2014 09:15,193.49
03-04-2014 09:15,189.62
04-04-2014 09:15,190.28
07-04-2014 09:15,192.24
09-04-2014 09:15,198.5
10-04-2014 09:15,202.81
11-04-2014 09:15,199.42
15-04-2014 09:15,196.41
16-04-2014 09:15,195.94
17-04-2014 09:15,201.73
21-04-2014 09:15,207.21
22-04-2014 09:15,204.86
23-04-2014 09:15,206.52
25-04-2014 09:15,208.53
28-04-2014 09:15,210.62
29-04-2014 09:15,206.58
30-04-2014 09:15,207.86
02-05-2014 09:15,204.82
05-05-2014 09:15,204.46
06-05-2014 09:15,205.22
07-05-2014 09:15,207.58
08-05-2014 09:15,209.18
09-05-2014 09:15,217.33
12-05-2014 09:15,224.27
13-05-2014 09:15,227.61
14-05-2014 09:15,228.26
15-05-2014 09:15,227.93
16-05-2014 09:15,241.72
19-05-2014 09:15,256.81
20-05-2014 09:15,252.67
21-05-2014 09:15,245.93
22-05-2014 09:15,251.17
23-05-2014 09:15,275.35
26-05-2014 09:15,270.19
27-05-2014 09:15,262.94
28-05-2014 09:15,261.02
29-05-2014 09:15,260.15
30-05-2014 09:15,254.23
02-06-2014 09:15,264.47
03-06-2014 09:15,264.52
04-06-2014 09:15,268.27
05-06-2014 09:15,269.79
06-06-2014 09:15,273.98
09-06-2014 09:15,270.79
10-06-2014 09:15,266.58
11-06-2014 09:15,269.74
12-06-2014 09:15,270.13
13-06-2014 09:15,260.79
16-06-2014 09:15,258.07
17-06-2014 09:15,265.33
18-06-2014 09:15,264.16
19-06-2014 09:15,260.55
20-06-2014 09:15,258.31
23-06-2014 09:15,260.02
24-06-2014 09:15,266.32
25-06-2014 09:15,269.19
26-06-2014 09:15,265.26
27-06-2014 09:15,263.9
30-06-2014 09:15,268.63
01-07-2014 09:15,268.02
02-07-2014 09:15,270.23
03-07-2014 09:15,269.62
04-07-2014 09:15,269.81
07-07-2014 09:15,268.47
08-07-2014 09:15,257.52
09-07-2014 09:15,258.23
10-07-2014 09:15,254.57
11-07-2014 09:15,242.53
14-07-2014 09:15,241.11
15-07-2014 09:15,251.76
16-07-2014 09:15,257.36
17-07-2014 09:15,260.23
18-07-2014 09:15,256.25
21-07-2014 09:15,252.32
22-07-2014 09:15,252.42
23-07-2014 09:15,254.04
24-07-2014 09:15,255.71
25-07-2014 09:15,250.06
28-07-2014 09:15,248.97
30-07-2014 09:15,246.95
31-07-2014 09:15,243.93
01-08-2014 09:15,243.72
04-08-2014 09:15,246.14
05-08-2014 09:15,247.39
06-08-2014 09:15,242.63
07-08-2014 09:15,243.61
08-08-2014 09:15,241.8
11-08-2014 09:15,241.45
12-08-2014 09:15,242.92
13-08-2014 09:15,236.9
14-08-2014 09:15,236.25
18-08-2014 09:15,242.12
19-08-2014 09:15,244.23
20-08-2014 09:15,241.48
21-08-2014 09:15,246.76
22-08-2014 09:15,252.47
25-08-2014 09:15,250.62
26-08-2014 09:15,249.6
27-08-2014 09:15,250.5
28-08-2014 09:15,246.07
01-09-2014 09:15,250.44
02-09-2014 09:15,252.2
03-09-2014 09:15,250.5
04-09-2014 09:15,248.62
05-09-2014 09:15,251.58
08-09-2014 09:15,256.59
09-09-2014 09:15,256.74
10-09-2014 09:15,255.0
11-09-2014 09:15,260.31
12-09-2014 09:15,263.04
15-09-2014 09:15,262.33
16-09-2014 09:15,256.31
17-09-2014 09:15,256.24
18-09-2014 09:15,262.04
19-09-2014 09:15,256.8
22-09-2014 09:15,260.16
23-09-2014 09:15,255.62
24-09-2014 09:15,248.64
25-09-2014 09:15,237.77
26-09-2014 09:15,244.53
29-09-2014 09:15,244.97
30-09-2014 09:15,244.57
01-10-2014 09:15,242.34
07-10-2014 09:15,236.64
08-10-2014 09:15,241.13
09-10-2014 09:15,247.96
10-10-2014 09:15,245.12
13-10-2014 09:15,248.55
14-10-2014 09:15,252.36
16-10-2014 09:15,246.64
17-10-2014 09:15,252.19
20-10-2014 09:15,256.95
21-10-2014 09:15,258.42
22-10-2014 09:15,257.53
23-10-2014 09:15,257.86
27-10-2014 09:15,259.78
28-10-2014 09:15,265.68
29-10-2014 09:15,264.38
30-10-2014 09:15,263.8
31-10-2014 09:15,270.28
03-11-2014 09:15,272.35
05-11-2014 09:15,278.19
07-11-2014 09:15,274.25
10-11-2014 09:15,273.95
11-11-2014 09:15,274.04
12-11-2014 09:15,274.61
13-11-2014 09:15,271.93
14-11-2014 09:15,278.79
17-11-2014 09:15,294.06
18-11-2014 09:15,294.58
19-11-2014 09:15,291.05
20-11-2014 09:15,297.1
21-11-2014 09:15,305.5
24-11-2014 09:15,308.85
25-11-2014 09:15,304.45
26-11-2014 09:15,306.25
27-11-2014 09:15,305.85
28-11-2014 09:15,321.4
01-12-2014 09:15,319.6
02-12-2014 09:15,318.7
03-12-2014 09:15,317.95
04-12-2014 09:15,320.3
05-12-2014 09:15,317.55
08-12-2014 09:15,312.9
09-12-2014 09:15,306.55
10-12-2014 09:15,315.95
11-12-2014 09:15,314.05
12-12-2014 09:15,311.35
15-12-2014 09:15,310.55
16-12-2014 09:15,295.6
17-12-2014 09:15,301.75
18-12-2014 09:15,307.1
19-12-2014 09:15,304.15
22-12-2014 09:15,307.7
23-12-2014 09:15,307.2
24-12-2014 09:15,305.75
26-12-2014 09:15,307.65
29-12-2014 09:15,307.55
30-12-2014 09:15,309.75
31-12-2014 09:15,311.85
01-01-2015 09:15,314.0
02-01-2015 09:15,315.25
05-01-2015 09:15,312.75
06-01-2015 09:15,299.9
07-01-2015 09:15,300.15
08-01-2015 09:15,304.85
09-01-2015 09:15,303.2
12-01-2015 09:15,307.1
13-01-2015 09:15,305.1
14-01-2015 09:15,304.7
15-01-2015 09:15,320.3
16-01-2015 09:15,315.45
19-01-2015 09:15,313.15
20-01-2015 09:15,318.15
21-01-2015 09:15,326.2
22-01-2015 09:15,324.65
23-01-2015 09:15,327.45
27-01-2015 09:15,330.05
28-01-2015 09:15,334.6
29-01-2015 09:15,327.0
30-01-2015 09:15,308.95
02-02-2015 09:15,307.5
03-02-2015 09:15,300.3
04-02-2015 09:15,293.05
05-02-2015 09:15,290.8
06-02-2015 09:15,290.3
09-02-2015 09:15,279.5
10-02-2015 09:15,287.3
11-02-2015 09:15,285.95
12-02-2015 09:15,284.3
13-02-2015 09:15,306.95
16-02-2015 09:15,306.7
18-02-2015 09:15,305.7
19-02-2015 09:15,302.35
20-02-2015 09:15,302.3
23-02-2015 09:15,296.55
24-02-2015 09:15,296.25
25-02-2015 09:15,295.55
26-02-2015 09:15,289.4
27-02-2015 09:15,299.9
28-02-2015 09:15,301.65
02-03-2015 09:15,302.0
03-03-2015 09:15,302.6
04-03-2015 09:15,293.85
05-03-2015 09:15,293.8
09-03-2015 09:15,290.65
10-03-2015 09:15,287.6
11-03-2015 09:15,285.15
12-03-2015 09:15,286.85
13-03-2015 09:15,280.75
16-03-2015 09:15,281.65
17-03-2015 09:15,283.1
18-03-2015 09:15,287.3
19-03-2015 09:15,281.6
20-03-2015 09:15,278.25
23-03-2015 09:15,274.75
24-03-2015 09:15,270.55
25-03-2015 09:15,265.4
26-03-2015 09:15,256.65
27-03-2015 09:15,263.6
30-03-2015 09:15,267.9
31-03-2015 09:15,267.05
01-04-2015 09:15,273.45
06-04-2015 09:15,274.65
07-04-2015 09:15,272.05
08-04-2015 09:15,273.9
09-04-2015 09:15,280.85
10-04-2015 09:15,285.75
13-04-2015 09:15,286.3
15-04-2015 09:15,290.0
16-04-2015 09:15,292.4
17-04-2015 09:15,291.75
20-04-2015 09:15,287.65
21-04-2015 09:15,289.2
22-04-2015 09:15,283.85
23-04-2015 09:15,277.65
24-04-2015 09:15,275.55
27-04-2015 09:15,267.05
28-04-2015 09:15,272.5
29-04-2015 09:15,271.9
30-04-2015 09:15,269.75
04-05-2015 09:15,277.15
05-05-2015 09:15,272.05
06-05-2015 09:15,265.4
07-05-2015 09:15,260.95
08-05-2015 09:15,261.95
11-05-2015 09:15,276.05
12-05-2015 09:15,267.4
13-05-2015 09:15,274.3
14-05-2015 09:15,280.95
15-05-2015 09:15,287.45
18-05-2015 09:15,289.75
19-05-2015 09:15,288.45
20-05-2015 09:15,292.6
21-05-2015 09:15,290.25
22-05-2015 09:15,282.45
25-05-2015 09:15,277.65
26-05-2015 09:15,277.15
27-05-2015 09:15,280.75
28-05-2015 09:15,277.6
29-05-2015 09:15,278.15
01-06-2015 09:15,278.2
02-06-2015 09:15,266.25
03-06-2015 09:15,257.4
04-06-2015 09:15,257.6
05-06-2015 09:15,257.8
08-06-2015 09:15,254.95
09-06-2015 09:15,257.6
10-06-2015 09:15,260.6
11-06-2015 09:15,254.0
12-06-2015 09:15,253.95
15-06-2015 09:15,250.25
16-06-2015 09:15,254.6
17-06-2015 09:15,255.1
18-06-2015 09:15,258.1
19-06-2015 09:15,260.15
22-06-2015 09:15,266.0
23-06-2015 09:15,267.75
24-06-2015 09:15,262.35
25-06-2015 09:15,264.8
26-06-2015 09:15,265.2
29-06-2015 09:15,259.65
30-06-2015 09:15,262.75
01-07-2015 09:15,267.75
02-07-2015 09:15,267.85
03-07-2015 09:15,269.4
06-07-2015 09:15,270.8
07-07-2015 09:15,272.9
08-07-2015 09:15,267.35
09-07-2015 09:15,267.75
10-07-2015 09:15,270.55
13-07-2015 09:15,273.7
14-07-2015 09:15,268.2
15-07-2015 09:15,268.05
16-07-2015 09:15,272.2
17-07-2015 09:15,271.1
20-07-2015 09:15,267.45
21-07-2015 09:15,264.3
22-07-2015 09:15,268.55
23-07-2015 09:15,270.05
24-07-2015 09:15,263.25
27-07-2015 09:15,258.45
28-07-2015 09:15,259.2
29-07-2015 09:15,253.6
30-07-2015 09:15,256.8
31-07-2015 09:15,270.05
03-08-2015 09:15,281.05
04-08-2015 09:15,288.6
05-08-2015 09:15,285.4
06-08-2015 09:15,289.05
07-08-2015 09:15,281.3
10-08-2015 09:15,282.75
11-08-2015 09:15,268.8
12-08-2015 09:15,256.35
13-08-2015 09:15,259.3
14-08-2015 09:15,268.5
17-08-2015 09:15,279.75
18-08-2015 09:15,284.8
19-08-2015 09:15,278.0
20-08-2015 09:15,270.55
21-08-2015 09:15,267.5
24-08-2015 09:15,245.4
25-08-2015 09:15,253.35
26-08-2015 09:15,245.7
27-08-2015 09:15,249.45
28-08-2015 09:15,248.95
31-08-2015 09:15,247.35
01-09-2015 09:15,239.1
02-09-2015 09:15,230.55
03-09-2015 09:15,232.25
04-09-2015 09:15,225.15
07-09-2015 09:15,221.1
08-09-2015 09:15,228.35
09-09-2015 09:15,231.65
10-09-2015 09:15,227.45
11-09-2015 09:15,230.1
14-09-2015 09:15,235.25
15-09-2015 09:15,234.0
16-09-2015 09:15,236.8
18-09-2015 09:15,242.0
21-09-2015 09:15,245.25
22-09-2015 09:15,237.95
23-09-2015 09:15,239.85
24-09-2015 09:15,239.05
28-09-2015 09:15,239.45
29-09-2015 09:15,241.9
30-09-2015 09:15,237.15
01-10-2015 09:15,235.15
05-10-2015 09:15,240.0
06-10-2015 09:15,240.1
07-10-2015 09:15,243.55
08-10-2015 09:15,243.3
09-10-2015 09:15,243.45
12-10-2015 09:15,244.55
13-10-2015 09:15,243.8
14-10-2015 09:15,244.25
15-10-2015 09:15,248.95
16-10-2015 09:15,254.85
19-10-2015 09:15,254.5
20-10-2015 09:15,254.85
21-10-2015 09:15,249.8
23-10-2015 09:15,253.4
26-10-2015 09:15,251.25
27-10-2015 09:15,248.8
28-10-2015 09:15,242.05
29-10-2015 09:15,236.95
30-10-2015 09:15,237.05
02-11-2015 09:15,236.9
03-11-2015 09:15,235.95
04-11-2015 09:15,239.0
05-11-2015 09:15,233.9
06-11-2015 09:15,243.0
09-11-2015 09:15,246.1
10-11-2015 09:15,241.2
11-11-2015 09:15,243.15
13-11-2015 09:15,240.25
16-11-2015 09:15,248.3
17-11-2015 09:15,247.85
18-11-2015 09:15,241.0
19-11-2015 09:15,243.9
20-11-2015 09:15,242.95
23-11-2015 09:15,242.7
24-11-2015 09:15,241.4
26-11-2015 09:15,242.5
27-11-2015 09:15,249.7
30-11-2015 09:15,250.2
01-12-2015 09:15,250.2
02-12-2015 09:15,244.6
03-12-2015 09:15,241.1
04-12-2015 09:15,241.1
07-12-2015 09:15,238.65
08-12-2015 09:15,235.95
09-12-2015 09:15,234.4
10-12-2015 09:15,231.95
11-12-2015 09:15,227.3
14-12-2015 09:15,225.95
15-12-2015 09:15,226.4
16-12-2015 09:15,227.3
17-12-2015 09:15,230.9
18-12-2015 09:15,226.5
21-12-2015 09:15,230.45
22-12-2015 09:15,228.35
23-12-2015 09:15,229.65
24-12-2015 09:15,228.3
28-12-2015 09:15,228.9
29-12-2015 09:15,228.2
30-12-2015 09:15,225.8
31-12-2015 09:15,224.45
01-01-2016 09:15,227.8
04-01-2016 09:15,220.7
05-01-2016 09:15,217.75
06-01-2016 09:15,216.85
07-01-2016 09:15,209.55
08-01-2016 09:15,208.95
11-01-2016 09:15,204.3
12-01-2016 09:15,199.4
13-01-2016 09:15,200.9
14-01-2016 09:15,196.05
15-01-2016 09:15,184.3
18-01-2016 09:15,181.0
19-01-2016 09:15,182.95
20-01-2016 09:15,173.65
21-01-2016 09:15,175.6
22-01-2016 09:15,184.6
25-01-2016 09:15,182.95
27-01-2016 09:15,184.4
28-01-2016 09:15,185.25
29-01-2016 09:15,179.9
01-02-2016 09:15,172.75
02-02-2016 09:15,169.4
03-02-2016 09:15,166.05
04-02-2016 09:15,162.85
05-02-2016 09:15,168.2
08-02-2016 09:15,172.15
09-02-2016 09:15,167.05
10-02-2016 09:15,159.0
11-02-2016 09:15,154.25
12-02-2016 09:15,154.8
15-02-2016 09:15,167.85
16-02-2016 09:15,156.4
17-02-2016 09:15,158.95
18-02-2016 09:15,159.8
19-02-2016 09:15,164.7
22-02-2016 09:15,164.95
23-02-2016 09:15,158.5
24-02-2016 09:15,156.3
25-02-2016 09:15,151.8
26-02-2016 09:15,155.9
29-02-2016 09:15,158.75
01-03-2016 09:15,162.05
02-03-2016 09:15,181.15
03-03-2016 09:15,182.75
04-03-2016 09:15,188.4
08-03-2016 09:15,183.35
09-03-2016 09:15,183.4
10-03-2016 09:15,180.5
11-03-2016 09:15,180.1
14-03-2016 09:15,181.75
15-03-2016 09:15,185.3
16-03-2016 09:15,185.2
17-03-2016 09:15,186.35
18-03-2016 09:15,191.25
21-03-2016 09:15,196.8
22-03-2016 09:15,197.5
23-03-2016 09:15,196.6
28-03-2016 09:15,188.3
29-03-2016 09:15,189.5
30-03-2016 09:15,197.55
31-03-2016 09:15,194.25
01-04-2016 09:15,195.65
04-04-2016 09:15,194.7
05-04-2016 09:15,184.35
06-04-2016 09:15,183.85
07-04-2016 09:15,181.95
08-04-2016 09:15,183.1
11-04-2016 09:15,188.25
12-04-2016 09:15,187.8
13-04-2016 09:15,191.9
18-04-2016 09:15,186.75
20-04-2016 09:15,187.3
21-04-2016 09:15,194.35
22-04-2016 09:15,200.15
25-04-2016 09:15,197.05
26-04-2016 09:15,200.95
27-04-2016 09:15,196.15
28-04-2016 09:15,192.05
29-04-2016 09:15,189.0
02-05-2016 09:15,186.0
03-05-2016 09:15,184.05
04-05-2016 09:15,179.95
05-05-2016 09:15,180.35
06-05-2016 09:15,184.35
09-05-2016 09:15,188.7
10-05-2016 09:15,189.5
11-05-2016 09:15,185.0
12-05-2016 09:15,188.5
13-05-2016 09:15,184.85
16-05-2016 09:15,176.8
17-05-2016 09:15,176.85
18-05-2016 09:15,179.95
19-05-2016 09:15,172.7
20-05-2016 09:15,171.35
23-05-2016 09:15,168.4
24-05-2016 09:15,169.5
25-05-2016 09:15,175.1
26-05-2016 09:15,184.15
27-05-2016 09:15,195.9
30-05-2016 09:15,198.85
31-05-2016 09:15,204.95
01-06-2016 09:15,198.25
02-06-2016 09:15,200.55
03-06-2016 09:15,196.6
06-06-2016 09:15,198.9
07-06-2016 09:15,210.15
08-06-2016 09:15,210.7
09-06-2016 09:15,209.95
10-06-2016 09:15,205.95
13-06-2016 09:15,201.8
14-06-2016 09:15,207.7
15-06-2016 09:15,216.05
16-06-2016 09:15,216.0
17-06-2016 09:15,213.45
20-06-2016 09:15,215.9
21-06-2016 09:15,214.0
22-06-2016 09:15,212.9
23-06-2016 09:15,217.55
24-06-2016 09:15,211.25
27-06-2016 09:15,217.15
28-06-2016 09:15,215.9
29-06-2016 09:15,217.2
30-06-2016 09:15,218.8
01-07-2016 09:15,219.6
04-07-2016 09:15,223.0
05-07-2016 09:15,223.5
07-07-2016 09:15,220.05
08-07-2016 09:15,218.3
11-07-2016 09:15,224.7
12-07-2016 09:15,226.7
13-07-2016 09:15,227.7
14-07-2016 09:15,232.0
15-07-2016 09:15,231.5
18-07-2016 09:15,228.75
19-07-2016 09:15,229.6
20-07-2016 09:15,231.15
21-07-2016 09:15,225.65
22-07-2016 09:15,223.5
25-07-2016 09:15,229.9
26-07-2016 09:15,226.7
27-07-2016 09:15,229.25
28-07-2016 09:15,231.0
29-07-2016 09:15,229.4
01-08-2016 09:15,227.3
02-08-2016 09:15,228.05
03-08-2016 09:15,226.65
04-08-2016 09:15,225.65
05-08-2016 09:15,232.75
08-08-2016 09:15,233.25
09-08-2016 09:15,235.15
10-08-2016 09:15,231.5
11-08-2016 09:15,227.15
12-08-2016 09:15,243.3
16-08-2016 09:15,246.75
17-08-2016 09:15,246.25
18-08-2016 09:15,248.4
19-08-2016 09:15,258.5
22-08-2016 09:15,254.8
23-08-2016 09:15,254.75
24-08-2016 09:15,254.4
25-08-2016 09:15,250.15
26-08-2016 09:15,246.6
29-08-2016 09:15,249.05
30-08-2016 09:15,252.25
31-08-2016 09:15,252.5
01-09-2016 09:15,252.0
02-09-2016 09:15,254.6
06-09-2016 09:15,260.1
07-09-2016 09:15,266.8
08-09-2016 09:15,268.35
09-09-2016 09:15,264.1
12-09-2016 09:15,252.75
14-09-2016 09:15,257.55
15-09-2016 09:15,256.0
16-09-2016 09:15,254.3
19-09-2016 09:15,255.65
20-09-2016 09:15,254.45
21-09-2016 09:15,251.15
22-09-2016 09:15,257.9
23-09-2016 09:15,254.55
26-09-2016 09:15,251.65
27-09-2016 09:15,249.0
28-09-2016 09:15,253.75
29-09-2016 09:15,247.25
30-09-2016 09:15,251.25
03-10-2016 09:15,255.3
04-10-2016 09:15,259.75
05-10-2016 09:15,260.85
06-10-2016 09:15,256.8
07-10-2016 09:15,258.7
10-10-2016 09:15,256.6
13-10-2016 09:15,249.65
14-10-2016 09:15,252.1
17-10-2016 09:15,253.2
18-10-2016 09:15,256.9
19-10-2016 09:15,255.4
20-10-2016 09:15,260.2
21-10-2016 09:15,258.5
24-10-2016 09:15,262.95
25-10-2016 09:15,261.45
26-10-2016 09:15,258.75
27-10-2016 09:15,255.4
28-10-2016 09:15,258.0
30-10-2016 09:15,257.6
01-11-2016 09:15,258.95
02-11-2016 09:15,251.05
03-11-2016 09:15,245.65
04-11-2016 09:15,242.85
07-11-2016 09:15,252.7
08-11-2016 09:15,252.65
09-11-2016 09:15,260.0
10-11-2016 09:15,281.3
11-11-2016 09:15,273.0
15-11-2016 09:15,278.2
16-11-2016 09:15,277.2
17-11-2016 09:15,277.45
18-11-2016 09:15,275.8
21-11-2016 09:15,257.35
22-11-2016 09:15,257.35
23-11-2016 09:15,258.65
24-11-2016 09:15,261.75
25-11-2016 09:15,260.95
28-11-2016 09:15,253.55
29-11-2016 09:15,252.7
30-11-2016 09:15,258.35
01-12-2016 09:15,255.65
02-12-2016 09:15,254.1
05-12-2016 09:15,256.9
06-12-2016 09:15,259.1
07-12-2016 09:15,255.6
08-12-2016 09:15,259.9
09-12-2016 09:15,266.65
12-12-2016 09:15,263.65
13-12-2016 09:15,266.15
14-12-2016 09:15,262.9
15-12-2016 09:15,265.4
16-12-2016 09:15,264.75
19-12-2016 09:15,261.35
20-12-2016 09:15,254.55
21-12-2016 09:15,255.35
22-12-2016 09:15,249.8
23-12-2016 09:15,249.15
26-12-2016 09:15,244.2
27-12-2016 09:15,248.75
28-12-2016 09:15,247.75
29-12-2016 09:15,247.65
30-12-2016 09:15,250.2
02-01-2017 09:15,243.6
03-01-2017 09:15,244.9
04-01-2017 09:15,242.9
05-01-2017 09:15,245.35
06-01-2017 09:15,245.9
09-01-2017 09:15,247.05
10-01-2017 09:15,248.3
11-01-2017 09:15,252.15
12-01-2017 09:15,251.25
13-01-2017 09:15,250.9
16-01-2017 09:15,255.75
17-01-2017 09:15,256.0
18-01-2017 09:15,258.35
19-01-2017 09:15,258.4
20-01-2017 09:15,251.05
23-01-2017 09:15,254.15
24-01-2017 09:15,254.9
25-01-2017 09:15,259.2
27-01-2017 09:15,266.45
30-01-2017 09:15,263.95
31-01-2017 09:15,260.35
01-02-2017 09:15,270.7
02-02-2017 09:15,273.3
03-02-2017 09:15,277.55
06-02-2017 09:15,277.05
07-02-2017 09:15,277.9
08-02-2017 09:15,277.2
09-02-2017 09:15,275.85
10-02-2017 09:15,276.35
13-02-2017 09:15,271.65
14-02-2017 09:15,270.2
15-02-2017 09:15,268.95
16-02-2017 09:15,270.5
17-02-2017 09:15,269.35
20-02-2017 09:15,269.65
21-02-2017 09:15,270.7
22-02-2017 09:15,272.3
23-02-2017 09:15,270.45
27-02-2017 09:15,268.25
28-02-2017 09:15,269.2
01-03-2017 09:15,271.75
02-03-2017 09:15,267.3
03-03-2017 09:15,265.05
06-03-2017 09:15,269.85
07-03-2017 09:15,267.8
08-03-2017 09:15,269.9
09-03-2017 09:15,273.25
10-03-2017 09:15,272.05
14-03-2017 09:15,274.65
15-03-2017 09:15,277.35
16-03-2017 09:15,279.3
17-03-2017 09:15,274.15
20-03-2017 09:15,273.9
21-03-2017 09:15,272.35
22-03-2017 09:15,267.5
23-03-2017 09:15,268.5
24-03-2017 09:15,276.5
27-03-2017 09:15,279.45
28-03-2017 09:15,282.1
29-03-2017 09:15,288.45
30-03-2017 09:15,291.05
31-03-2017 09:15,293.4
03-04-2017 09:15,293.15
05-04-2017 09:15,297.35
06-04-2017 09:15,292.85
07-04-2017 09:15,289.45
10-04-2017 09:15,289.35
11-04-2017 09:15,294.5
12-04-2017 09:15,290.15
13-04-2017 09:15,291.55
17-04-2017 09:15,289.9
18-04-2017 09:15,290.3
19-04-2017 09:15,284.05
20-04-2017 09:15,284.8
21-04-2017 09:15,282.2
24-04-2017 09:15,286.05
25-04-2017 09:15,286.05
26-04-2017 09:15,286.45
27-04-2017 09:15,282.05
28-04-2017 09:15,289.75
02-05-2017 09:15,288.3
03-05-2017 09:15,289.8
04-05-2017 09:15,299.05
05-05-2017 09:15,296.0
08-05-2017 09:15,299.4
09-05-2017 09:15,296.5
10-05-2017 09:15,294.45
11-05-2017 09:15,298.1
12-05-2017 09:15,297.9
15-05-2017 09:15,301.4
16-05-2017 09:15,307.5
17-05-2017 09:15,307.65
18-05-2017 09:15,302.95
19-05-2017 09:15,308.0
22-05-2017 09:15,294.3
23-05-2017 09:15,288.85
24-05-2017 09:15,283.15
25-05-2017 09:15,290.1
26-05-2017 09:15,288.45
29-05-2017 09:15,284.0
30-05-2017 09:15,288.85
31-05-2017 09:15,288.3
01-06-2017 09:15,287.45
02-06-2017 09:15,287.05
05-06-2017 09:15,287.25
06-06-2017 09:15,287.3
07-06-2017 09:15,290.55
08-06-2017 09:15,288.6
09-06-2017 09:15,288.55
12-06-2017 09:15,284.95
13-06-2017 09:15,283.85
14-06-2017 09:15,284.2
15-06-2017 09:15,284.0
16-06-2017 09:15,285.95
19-06-2017 09:15,288.85
20-06-2017 09:15,290.1
21-06-2017 09:15,290.9
22-06-2017 09:15,294.5
23-06-2017 09:15,288.95
27-06-2017 09:15,279.65
28-06-2017 09:15,276.4
29-06-2017 09:15,272.45
30-06-2017 09:15,273.65
03-07-2017 09:15,274.85
04-07-2017 09:15,273.0
05-07-2017 09:15,274.9
06-07-2017 09:15,281.0
07-07-2017 09:15,280.1
10-07-2017 09:15,285.55
11-07-2017 09:15,283.55
12-07-2017 09:15,287.65
13-07-2017 09:15,288.75
14-07-2017 09:15,291.6
17-07-2017 09:15,293.0
18-07-2017 09:15,291.0
19-07-2017 09:15,293.3
20-07-2017 09:15,290.95
21-07-2017 09:15,290.65
24-07-2017 09:15,294.55
25-07-2017 09:15,296.1
26-07-2017 09:15,295.8
27-07-2017 09:15,298.35
28-07-2017 09:15,299.1
31-07-2017 09:15,312.5
01-08-2017 09:15,309.0
02-08-2017 09:15,307.7
03-08-2017 09:15,300.55
04-08-2017 09:15,305.25
07-08-2017 09:15,311.2
08-08-2017 09:15,303.65
09-08-2017 09:15,302.3
10-08-2017 09:15,296.7
11-08-2017 09:15,280.15
14-08-2017 09:15,278.2
16-08-2017 09:15,283.1
17-08-2017 09:15,280.85
18-08-2017 09:15,278.7
21-08-2017 09:15,274.65
22-08-2017 09:15,273.9
23-08-2017 09:15,279.0
24-08-2017 09:15,280.3
28-08-2017 09:15,279.35
29-08-2017 09:15,277.0
30-08-2017 09:15,276.6
31-08-2017 09:15,277.75
01-09-2017 09:15,277.85
04-09-2017 09:15,277.75
05-09-2017 09:15,276.55
06-09-2017 09:15,274.25
07-09-2017 09:15,274.2
08-09-2017 09:15,271.8
11-09-2017 09:15,270.95
12-09-2017 09:15,273.45
13-09-2017 09:15,273.4
14-09-2017 09:15,274.2
15-09-2017 09:15,271.5
18-09-2017 09:15,270.4
19-09-2017 09:15,267.8
20-09-2017 09:15,270.05
21-09-2017 09:15,268.5
22-09-2017 09:15,261.85
25-09-2017 09:15,258.75
26-09-2017 09:15,258.25
27-09-2017 09:15,250.4
28-09-2017 09:15,252.55
29-09-2017 09:15,253.85
03-10-2017 09:15,251.3
04-10-2017 09:15,253.2
05-10-2017 09:15,251.6
06-10-2017 09:15,256.75
09-10-2017 09:15,256.85
10-10-2017 09:15,256.95
11-10-2017 09:15,251.75
12-10-2017 09:15,251.2
13-10-2017 09:15,252.1
16-10-2017 09:15,252.05
17-10-2017 09:15,251.15
18-10-2017 09:15,243.75
19-10-2017 09:15,242.75
23-10-2017 09:15,245.95
24-10-2017 09:15,254.45
25-10-2017 09:15,324.9
26-10-2017 09:15,320.5
27-10-2017 09:15,311.05
30-10-2017 09:15,312.0
31-10-2017 09:15,305.8
01-11-2017 09:15,319.85
02-11-2017 09:15,314.35
03-11-2017 09:15,325.0
06-11-2017 09:15,329.0
07-11-2017 09:15,317.2
08-11-2017 09:15,309.55
09-11-2017 09:15,313.7
10-11-2017 09:15,333.55
13-11-2017 09:15,331.05
14-11-2017 09:15,329.1
15-11-2017 09:15,324.95
16-11-2017 09:15,333.4
17-11-2017 09:15,337.5
20-11-2017 09:15,333.0
21-11-2017 09:15,330.65
22-11-2017 09:15,335.3
23-11-2017 09:15,334.95
24-11-2017 09:15,332.4
27-11-2017 09:15,335.65
28-11-2017 09:15,332.0
29-11-2017 09:15,328.9
30-11-2017 09:15,320.35
01-12-2017 09:15,312.75
04-12-2017 09:15,313.6
05-12-2017 09:15,319.1
06-12-2017 09:15,312.4
07-12-2017 09:15,316.4
08-12-2017 09:15,313.1
11-12-2017 09:15,318.4
12-12-2017 09:15,318.45
13-12-2017 09:15,313.3
14-12-2017 09:15,314.0
15-12-2017 09:15,312.25
18-12-2017 09:15,318.9
19-12-2017 09:15,319.8
20-12-2017 09:15,317.5
21-12-2017 09:15,316.75
22-12-2017 09:15,319.85
26-12-2017 09:15,317.15
27-12-2017 09:15,314.85
28-12-2017 09:15,308.4
29-12-2017 09:15,309.9
01-01-2018 09:15,307.1
02-01-2018 09:15,303.25
03-01-2018 09:15,302.85
04-01-2018 09:15,308.5
05-01-2018 09:15,306.35
08-01-2018 09:15,305.8
09-01-2018 09:15,304.3
10-01-2018 09:15,301.1
11-01-2018 09:15,302.2
12-01-2018 09:15,302.25
15-01-2018 09:15,302.6
16-01-2018 09:15,296.15
17-01-2018 09:15,307.1
18-01-2018 09:15,303.25
19-01-2018 09:15,309.25
22-01-2018 09:15,306.5
23-01-2018 09:15,318.1
24-01-2018 09:15,329.9
25-01-2018 09:15,313.15
29-01-2018 09:15,312.1
30-01-2018 09:15,313.55
31-01-2018 09:15,313.25
01-02-2018 09:15,306.05
02-02-2018 09:15,297.35
05-02-2018 09:15,298.05
06-02-2018 09:15,291.75
07-02-2018 09:15,292.8
08-02-2018 09:15,301.4
09-02-2018 09:15,296.4
12-02-2018 09:15,288.75
14-02-2018 09:15,276.2
15-02-2018 09:15,278.7
16-02-2018 09:15,271.65
19-02-2018 09:15,268.5
20-02-2018 09:15,269.65
21-02-2018 09:15,273.3
22-02-2018 09:15,272.6
23-02-2018 09:15,276.05
26-02-2018 09:15,274.45
27-02-2018 09:15,267.6
28-02-2018 09:15,268.0
01-03-2018 09:15,262.15
05-03-2018 09:15,263.5
06-03-2018 09:15,256.55
07-03-2018 09:15,246.65
08-03-2018 09:15,256.8
09-03-2018 09:15,253.25
12-03-2018 09:15,252.85
13-03-2018 09:15,254.7
14-03-2018 09:15,257.05
15-03-2018 09:15,253.7
16-03-2018 09:15,252.3
19-03-2018 09:15,247.95
20-03-2018 09:15,249.1
21-03-2018 09:15,248.0
22-03-2018 09:15,241.55
23-03-2018 09:15,234.8
26-03-2018 09:15,246.5
27-03-2018 09:15,254.35
28-03-2018 09:15,249.9
02-04-2018 09:15,246.15
03-04-2018 09:15,250.5
04-04-2018 09:15,247.3
05-04-2018 09:15,259.3
06-04-2018 09:15,259.7
09-04-2018 09:15,260.65
10-04-2018 09:15,263.3
11-04-2018 09:15,257.05
12-04-2018 09:15,253.8
13-04-2018 09:15,250.95
16-04-2018 09:15,249.0
17-04-2018 09:15,248.15
18-04-2018 09:15,246.45
19-04-2018 09:15,246.15
20-04-2018 09:15,241.2
23-04-2018 09:15,242.45
24-04-2018 09:15,240.6
25-04-2018 09:15,237.2
26-04-2018 09:15,233.2
27-04-2018 09:15,242.6
30-04-2018 09:15,246.4
02-05-2018 09:15,241.0
03-05-2018 09:15,241.9
04-05-2018 09:15,241.95
07-05-2018 09:15,246.5
08-05-2018 09:15,250.05
09-05-2018 09:15,248.0
10-05-2018 09:15,247.95
11-05-2018 09:15,250.35
14-05-2018 09:15,253.6
15-05-2018 09:15,248.0
16-05-2018 09:15,243.1
17-05-2018 09:15,242.7
18-05-2018 09:15,238.85
21-05-2018 09:15,244.45
22-05-2018 09:15,253.9
23-05-2018 09:15,263.2
24-05-2018 09:15,268.5
25-05-2018 09:15,266.95
28-05-2018 09:15,272.05
29-05-2018 09:15,264.3
30-05-2018 09:15,267.15
31-05-2018 09:15,269.55
01-06-2018 09:15,266.7
04-06-2018 09:15,263.0
05-06-2018 09:15,263.55
06-06-2018 09:15,270.15
07-06-2018 09:15,269.65
08-06-2018 09:15,273.0
11-06-2018 09:15,274.0
12-06-2018 09:15,282.85
13-06-2018 09:15,287.7
14-06-2018 09:15,282.6
15-06-2018 09:15,277.45
18-06-2018 09:15,276.85
19-06-2018 09:15,272.6
20-06-2018 09:15,273.3
21-06-2018 09:15,268.65
22-06-2018 09:15,273.05
25-06-2018 09:15,268.45
26-06-2018 09:15,267.4
27-06-2018 09:15,261.7
28-06-2018 09:15,257.0
29-06-2018 09:15,259.35
02-07-2018 09:15,258.85
03-07-2018 09:15,257.5
04-07-2018 09:15,257.45
05-07-2018 09:15,256.45
06-07-2018 09:15,257.2
09-07-2018 09:15,261.55
10-07-2018 09:15,263.75
11-07-2018 09:15,259.1
12-07-2018 09:15,262.75
13-07-2018 09:15,257.75
16-07-2018 09:15,251.6
17-07-2018 09:15,259.05
18-07-2018 09:15,259.55
19-07-2018 09:15,260.2
20-07-2018 09:15,261.5
23-07-2018 09:15,266.35
24-07-2018 09:15,266.85
25-07-2018 09:15,271.85
26-07-2018 09:15,287.7
27-07-2018 09:15,286.75
30-07-2018 09:15,297.4
31-07-2018 09:15,293.5
01-08-2018 09:15,295.1
02-08-2018 09:15,293.9
03-08-2018 09:15,299.25
06-08-2018 09:15,308.5
07-08-2018 09:15,304.05
08-08-2018 09:15,308.7
09-08-2018 09:15,317.4
10-08-2018 09:15,304.45
13-08-2018 09:15,294.15
14-08-2018 09:15,294.9
16-08-2018 09:15,292.7
17-08-2018 09:15,302.1
20-08-2018 09:15,307.65
21-08-2018 09:15,307.0
23-08-2018 09:15,302.45
24-08-2018 09:15,300.45
27-08-2018 09:15,308.0
28-08-2018 09:15,305.35
29-08-2018 09:15,309.7
30-08-2018 09:15,308.6
31-08-2018 09:15,309.6
03-09-2018 09:15,306.35
04-09-2018 09:15,296.4
05-09-2018 09:15,296.55
06-09-2018 09:15,296.45
07-09-2018 09:15,291.65
10-09-2018 09:15,284.85
11-09-2018 09:15,282.6
12-09-2018 09:15,285.3
14-09-2018 09:15,290.65
17-09-2018 09:15,285.3
18-09-2018 09:15,273.8
19-09-2018 09:15,271.5
21-09-2018 09:15,270.6
24-09-2018 09:15,264.35
25-09-2018 09:15,270.9
26-09-2018 09:15,263.85
27-09-2018 09:15,265.35
28-09-2018 09:15,265.5
01-10-2018 09:15,273.85
03-10-2018 09:15,271.7
04-10-2018 09:15,271.35
05-10-2018 09:15,258.35
08-10-2018 09:15,265.75
09-10-2018 09:15,262.95
10-10-2018 09:15,278.65
11-10-2018 09:15,262.15
12-10-2018 09:15,263.75
15-10-2018 09:15,263.2
16-10-2018 09:15,270.3
17-10-2018 09:15,261.15
19-10-2018 09:15,261.1
22-10-2018 09:15,260.35
23-10-2018 09:15,255.65
24-10-2018 09:15,255.7
25-10-2018 09:15,249.55
26-10-2018 09:15,248.1
29-10-2018 09:15,267.9
30-10-2018 09:15,273.15
31-10-2018 09:15,281.4
01-11-2018 09:15,285.9
02-11-2018 09:15,285.35
05-11-2018 09:15,294.95
06-11-2018 09:15,286.45
07-11-2018 09:15,286.55
09-11-2018 09:15,283.25
12-11-2018 09:15,277.95
13-11-2018 09:15,278.05
14-11-2018 09:15,283.6
15-11-2018 09:15,285.4
16-11-2018 09:15,290.9
19-11-2018 09:15,288.15
20-11-2018 09:15,283.45
21-11-2018 09:15,287.05
22-11-2018 09:15,282.7
26-11-2018 09:15,286.4
27-11-2018 09:15,289.4
28-11-2018 09:15,284.55
29-11-2018 09:15,286.4
30-11-2018 09:15,284.65
03-12-2018 09:15,286.8
04-12-2018 09:15,282.55
05-12-2018 09:15,280.15
06-12-2018 09:15,275.65
07-12-2018 09:15,275.4
10-12-2018 09:15,274.2
11-12-2018 09:15,281.25
12-12-2018 09:15,285.25
13-12-2018 09:15,289.0
14-12-2018 09:15,289.2
17-12-2018 09:15,289.5
18-12-2018 09:15,292.75
19-12-2018 09:15,300.7
20-12-2018 09:15,294.05
21-12-2018 09:15,291.9
24-12-2018 09:15,293.05
26-12-2018 09:15,294.15
27-12-2018 09:15,292.15
28-12-2018 09:15,294.8
31-12-2018 09:15,295.9
01-01-2019 09:15,299.6
02-01-2019 09:15,293.9
03-01-2019 09:15,291.1
04-01-2019 09:15,297.65
07-01-2019 09:15,296.3
08-01-2019 09:15,305.3
09-01-2019 09:15,305.3
10-01-2019 09:15,305.55
11-01-2019 09:15,302.75
14-01-2019 09:15,300.4
15-01-2019 09:15,301.65
16-01-2019 09:15,303.15
17-01-2019 09:15,297.4
18-01-2019 09:15,294.95
21-01-2019 09:15,292.45
22-01-2019 09:15,290.25
23-01-2019 09:15,286.65
24-01-2019 09:15,288.05
25-01-2019 09:15,285.4
28-01-2019 09:15,281.6
29-01-2019 09:15,280.6
30-01-2019 09:15,287.45
31-01-2019 09:15,293.65
01-02-2019 09:15,284.4
04-02-2019 09:15,283.95
05-02-2019 09:15,284.65
06-02-2019 09:15,289.05
07-02-2019 09:15,287.4
08-02-2019 09:15,286.0
11-02-2019 09:15,280.5
12-02-2019 09:15,275.4
13-02-2019 09:15,268.2
14-02-2019 09:15,267.1
15-02-2019 09:15,262.95
18-02-2019 09:15,259.95
19-02-2019 09:15,262.9
20-02-2019 09:15,267.7
21-02-2019 09:15,268.0
22-02-2019 09:15,270.95
25-02-2019 09:15,270.15
26-02-2019 09:15,266.35
27-02-2019 09:15,267.65
28-02-2019 09:15,269.05
01-03-2019 09:15,272.95
05-03-2019 09:15,276.45
06-03-2019 09:15,278.1
07-03-2019 09:15,281.75
08-03-2019 09:15,281.2
11-03-2019 09:15,287.35
12-03-2019 09:15,286.9
13-03-2019 09:15,293.15
14-03-2019 09:15,291.9
15-03-2019 09:15,298.4
18-03-2019 09:15,298.95
19-03-2019 09:15,303.05
20-03-2019 09:15,303.8
22-03-2019 09:15,298.05
25-03-2019 09:15,294.0
26-03-2019 09:15,303.5
27-03-2019 09:15,308.8
28-03-2019 09:15,319.0
29-03-2019 09:15,320.75
01-04-2019 09:15,322.75
02-04-2019 09:15,329.0
03-04-2019 09:15,320.5
04-04-2019 09:15,321.8
05-04-2019 09:15,317.05
08-04-2019 09:15,312.8
09-04-2019 09:15,314.75
10-04-2019 09:15,310.9
11-04-2019 09:15,314.9
12-04-2019 09:15,315.25
15-04-2019 09:15,315.6
16-04-2019 09:15,315.75
18-04-2019 09:15,310.8
22-04-2019 09:15,310.05
23-04-2019 09:15,305.25
24-04-2019 09:15,310.75
25-04-2019 09:15,306.2
26-04-2019 09:15,312.5
30-04-2019 09:15,309.95
02-05-2019 09:15,308.15
03-05-2019 09:15,310.0
06-05-2019 09:15,308.75
07-05-2019 09:15,305.45
08-05-2019 09:15,298.25
09-05-2019 09:15,299.3
10-05-2019 09:15,308.05
13-05-2019 09:15,306.9
14-05-2019 09:15,314.65
15-05-2019 09:15,312.1
16-05-2019 09:15,315.75
17-05-2019 09:15,319.25
20-05-2019 09:15,344.7
21-05-2019 09:15,337.55
22-05-2019 09:15,341.1
23-05-2019 09:15,342.2
24-05-2019 09:15,355.35
27-05-2019 09:15,361.7
28-05-2019 09:15,360.05
29-05-2019 09:15,348.65
30-05-2019 09:15,353.55
31-05-2019 09:15,352.5
03-06-2019 09:15,355.45
04-06-2019 09:15,352.4
06-06-2019 09:15,336.9
07-06-2019 09:15,342.05
10-06-2019 09:15,344.3
11-06-2019 09:15,347.1
12-06-2019 09:15,344.0
13-06-2019 09:15,346.5
14-06-2019 09:15,343.8
17-06-2019 09:15,337.85
18-06-2019 09:15,340.05
19-06-2019 09:15,338.85
20-06-2019 09:15,345.15
21-06-2019 09:15,349.4
24-06-2019 09:15,353.2
25-06-2019 09:15,356.55
26-06-2019 09:15,358.15
27-06-2019 09:15,362.15
28-06-2019 09:15,361.25
01-07-2019 09:15,361.55
02-07-2019 09:15,364.5
03-07-2019 09:15,366.15
04-07-2019 09:15,367.4
05-07-2019 09:15,370.65
08-07-2019 09:15,355.3
09-07-2019 09:15,359.5
10-07-2019 09:15,354.2
11-07-2019 09:15,363.2
12-07-2019 09:15,363.6
15-07-2019 09:15,360.05
16-07-2019 09:15,364.35
17-07-2019 09:15,372.4
18-07-2019 09:15,363.65
19-07-2019 09:15,356.0
22-07-2019 09:15,350.85
23-07-2019 09:15,342.2
24-07-2019 09:15,339.6
25-07-2019 09:15,341.3
26-07-2019 09:15,342.6
29-07-2019 09:15,343.8
30-07-2019 09:15,327.55
31-07-2019 09:15,332.2
01-08-2019 09:15,317.15
02-08-2019 09:15,308.45
05-08-2019 09:15,300.25
06-08-2019 09:15,301.4
07-08-2019 09:15,289.9
08-08-2019 09:15,294.35
09-08-2019 09:15,291.35
13-08-2019 09:15,283.35
14-08-2019 09:15,289.75
16-08-2019 09:15,290.9
19-08-2019 09:15,286.85
20-08-2019 09:15,283.7
21-08-2019 09:15,277.4
22-08-2019 09:15,268.55
23-08-2019 09:15,271.1
26-08-2019 09:15,280.2
27-08-2019 09:15,285.7
28-08-2019 09:15,284.9
29-08-2019 09:15,274.5
30-08-2019 09:15,273.85
03-09-2019 09:15,268.4
04-09-2019 09:15,275.1
05-09-2019 09:15,273.3
06-09-2019 09:15,273.95
09-09-2019 09:15,278.0
11-09-2019 09:15,285.25
12-09-2019 09:15,287.05
13-09-2019 09:15,291.7
16-09-2019 09:15,284.7
17-09-2019 09:15,273.95
18-09-2019 09:15,280.4
19-09-2019 09:15,274.05
20-09-2019 09:15,301.7
23-09-2019 09:15,313.75
24-09-2019 09:15,302.6
25-09-2019 09:15,280.25
26-09-2019 09:15,281.85
27-09-2019 09:15,281.2
30-09-2019 09:15,270.8
01-10-2019 09:15,255.95
03-10-2019 09:15,254.15
04-10-2019 09:15,249.95
07-10-2019 09:15,249.1
09-10-2019 09:15,260.95
10-10-2019 09:15,254.15
11-10-2019 09:15,254.55
14-10-2019 09:15,255.45
15-10-2019 09:15,258.45
16-10-2019 09:15,256.05
17-10-2019 09:15,265.45
18-10-2019 09:15,269.65
22-10-2019 09:15,270.5
23-10-2019 09:15,275.45
24-10-2019 09:15,262.5
25-10-2019 09:15,281.55
27-10-2019 09:15,281.8
29-10-2019 09:15,280.65
30-10-2019 09:15,289.9
31-10-2019 09:15,312.4
01-11-2019 09:15,313.55
04-11-2019 09:15,314.3
05-11-2019 09:15,319.2
06-11-2019 09:15,317.55
07-11-2019 09:15,318.15
08-11-2019 09:15,316.0
11-11-2019 09:15,318.25
13-11-2019 09:15,306.8
14-11-2019 09:15,306.0
15-11-2019 09:15,321.9
18-11-2019 09:15,325.1
19-11-2019 09:15,330.4
20-11-2019 09:15,328.8
21-11-2019 09:15,331.35
22-11-2019 09:15,329.3
25-11-2019 09:15,336.1
26-11-2019 09:15,335.5
27-11-2019 09:15,343.55
28-11-2019 09:15,349.3
29-11-2019 09:15,341.85
02-12-2019 09:15,338.5
03-12-2019 09:15,336.25
04-12-2019 09:15,341.85
05-12-2019 09:15,336.2
06-12-2019 09:15,320.0
09-12-2019 09:15,316.7
10-12-2019 09:15,313.4
11-12-2019 09:15,312.8
12-12-2019 09:15,321.85
13-12-2019 09:15,332.55
16-12-2019 09:15,331.85
17-12-2019 09:15,332.9
18-12-2019 09:15,326.95
19-12-2019 09:15,328.15
20-12-2019 09:15,337.85
23-12-2019 09:15,332.4
24-12-2019 09:15,331.45
26-12-2019 09:15,329.85
27-12-2019 09:15,337.25
30-12-2019 09:15,334.4
31-12-2019 09:15,333.75
01-01-2020 09:15,334.45
02-01-2020 09:15,339.3
03-01-2020 09:15,333.7
06-01-2020 09:15,319.0
07-01-2020 09:15,318.4
08-01-2020 09:15,319.8
09-01-2020 09:15,330.2
10-01-2020 09:15,332.25
13-01-2020 09:15,330.75
14-01-2020 09:15,328.0
15-01-2020 09:15,324.25
16-01-2020 09:15,323.3
17-01-2020 09:15,318.0
20-01-2020 09:15,314.0
21-01-2020 09:15,313.7
22-01-2020 09:15,316.15
23-01-2020 09:15,323.2
24-01-2020 09:15,324.05
27-01-2020 09:15,316.2
28-01-2020 09:15,315.1
29-01-2020 09:15,316.45
30-01-2020 09:15,310.7
31-01-2020 09:15,318.45
01-02-2020 09:15,302.6
03-02-2020 09:15,298.1
04-02-2020 09:15,306.25
05-02-2020 09:15,311.0
06-02-2020 09:15,321.95
07-02-2020 09:15,320.55
10-02-2020 09:15,318.5
11-02-2020 09:15,324.35
12-02-2020 09:15,320.2
13-02-2020 09:15,327.45
14-02-2020 09:15,319.4
17-02-2020 09:15,314.2
18-02-2020 09:15,317.55
19-02-2020 09:15,320.35
20-02-2020 09:15,327.65
24-02-2020 09:15,322.95
25-02-2020 09:15,326.8
26-02-2020 09:15,328.2
27-02-2020 09:15,321.95
28-02-2020 09:15,303.0
02-03-2020 09:15,287.4
03-03-2020 09:15,289.85
04-03-2020 09:15,285.3
05-03-2020 09:15,288.5
06-03-2020 09:15,270.5
09-03-2020 09:15,253.45
11-03-2020 09:15,245.1
12-03-2020 09:15,212.6
13-03-2020 09:15,242.0
16-03-2020 09:15,223.35
17-03-2020 09:15,215.15
18-03-2020 09:15,215.2
19-03-2020 09:15,203.65
20-03-2020 09:15,209.85
23-03-2020 09:15,181.6
24-03-2020 09:15,183.2
25-03-2020 09:15,189.9
26-03-2020 09:15,192.75
27-03-2020 09:15,195.95
30-03-2020 09:15,186.9
31-03-2020 09:15,196.85
01-04-2020 09:15,186.55
03-04-2020 09:15,175.5
07-04-2020 09:15,186.4
08-04-2020 09:15,183.0
09-04-2020 09:15,187.75
13-04-2020 09:15,183.5
15-04-2020 09:15,182.35
16-04-2020 09:15,188.5
17-04-2020 09:15,193.25
20-04-2020 09:15,192.5
21-04-2020 09:15,184.75
22-04-2020 09:15,188.7
23-04-2020 09:15,186.7
24-04-2020 09:15,179.75
27-04-2020 09:15,180.9
28-04-2020 09:15,184.3
29-04-2020 09:15,190.1
30-04-2020 09:15,190.5
04-05-2020 09:15,178.85
05-05-2020 09:15,170.4
06-05-2020 09:15,171.1
07-05-2020 09:15,170.75
08-05-2020 09:15,166.65
11-05-2020 09:15,165.45
12-05-2020 09:15,166.9
13-05-2020 09:15,174.1
14-05-2020 09:15,167.95
15-05-2020 09:15,166.4
18-05-2020 09:15,155.3
19-05-2020 09:15,152.8
20-05-2020 09:15,153.4
21-05-2020 09:15,151.95
22-05-2020 09:15,150.85
26-05-2020 09:15,151.4
27-05-2020 09:15,158.6
28-05-2020 09:15,158.2
29-05-2020 09:15,161.3
01-06-2020 09:15,170.05
02-06-2020 09:15,170.25
03-06-2020 09:15,174.9
04-06-2020 09:15,174.05
05-06-2020 09:15,187.8
08-06-2020 09:15,186.8
09-06-2020 09:15,184.45
10-06-2020 09:15,187.7
11-06-2020 09:15,177.15
12-06-2020 09:15,179.15
15-06-2020 09:15,173.7
16-06-2020 09:15,172.9
17-06-2020 09:15,172.95
18-06-2020 09:15,179.65
19-06-2020 09:15,184.5
22-06-2020 09:15,187.7
23-06-2020 09:15,192.45
24-06-2020 09:15,184.6
25-06-2020 09:15,185.25
26-06-2020 09:15,184.6
29-06-2020 09:15,179.25
30-06-2020 09:15,178.45
01-07-2020 09:15,184.8
02-07-2020 09:15,185.45
03-07-2020 09:15,184.7
06-07-2020 09:15,188.05
07-07-2020 09:15,188.6
08-07-2020 09:15,191.9
09-07-2020 09:15,199.1
10-07-2020 09:15,195.6
13-07-2020 09:15,192.7
14-07-2020 09:15,186.05
15-07-2020 09:15,183.8
16-07-2020 09:15,186.25
17-07-2020 09:15,188.2
20-07-2020 09:15,190.75
21-07-2020 09:15,194.4
22-07-2020 09:15,192.0
23-07-2020 09:15,198.25
24-07-2020 09:15,191.95
27-07-2020 09:15,187.15
28-07-2020 09:15,189.45
29-07-2020 09:15,191.2
30-07-2020 09:15,186.55
31-07-2020 09:15,191.45
03-08-2020 09:15,192.25
04-08-2020 09:15,191.6
05-08-2020 09:15,191.45
06-08-2020 09:15,190.95
07-08-2020 09:15,190.65
10-08-2020 09:15,193.8
11-08-2020 09:15,195.05
12-08-2020 09:15,203.3
13-08-2020 09:15,201.9
14-08-2020 09:15,196.5
17-08-2020 09:15,193.1
18-08-2020 09:15,195.1
19-08-2020 09:15,197.05
20-08-2020 09:15,194.75
21-08-2020 09:15,198.4
24-08-2020 09:15,201.45
25-08-2020 09:15,207.95
26-08-2020 09:15,209.85
27-08-2020 09:15,215.65
28-08-2020 09:15,224.85
31-08-2020 09:15,212.0
01-09-2020 09:15,218.1
02-09-2020 09:15,216.25
03-09-2020 09:15,213.15
04-09-2020 09:15,206.6
07-09-2020 09:15,207.9
08-09-2020 09:15,204.05
09-09-2020 09:15,194.85
10-09-2020 09:15,198.15
11-09-2020 09:15,202.7
14-09-2020 09:15,198.5
15-09-2020 09:15,200.15
16-09-2020 09:15,198.2
17-09-2020 09:15,195.45
18-09-2020 09:15,192.6
21-09-2020 09:15,185.8
22-09-2020 09:15,186.2
23-09-2020 09:15,183.8
24-09-2020 09:15,176.35
25-09-2020 09:15,182.2
28-09-2020 09:15,187.25
29-09-2020 09:15,185.05
30-09-2020 09:15,185.4
01-10-2020 09:15,190.3
05-10-2020 09:15,188.75
06-10-2020 09:15,191.6
07-10-2020 09:15,190.7
08-10-2020 09:15,191.5
09-10-2020 09:15,198.3
12-10-2020 09:15,198.7
13-10-2020 09:15,195.7
14-10-2020 09:15,200.05
15-10-2020 09:15,192.85
16-10-2020 09:15,195.95
19-10-2020 09:15,204.0
20-10-2020 09:15,203.05
21-10-2020 09:15,203.75
22-10-2020 09:15,203.3
23-10-2020 09:15,202.8
26-10-2020 09:15,196.7
27-10-2020 09:15,194.65
28-10-2020 09:15,190.45
29-10-2020 09:15,188.7
30-10-2020 09:15,189.25
02-11-2020 09:15,196.05
03-11-2020 09:15,204.75
04-11-2020 09:15,207.0
05-11-2020 09:15,218.65
06-11-2020 09:15,219.2
09-11-2020 09:15,219.5
10-11-2020 09:15,231.7
11-11-2020 09:15,234.2
12-11-2020 09:15,226.8
13-11-2020 09:15,229.45
14-11-2020 09:15,229.65
17-11-2020 09:15,240.2
18-11-2020 09:15,252.0
19-11-2020 09:15,239.75
20-11-2020 09:15,242.75
23-11-2020 09:15,238.7
24-11-2020 09:15,243.85
25-11-2020 09:15,243.0
26-11-2020 09:15,245.45
27-11-2020 09:15,244.25
01-12-2020 09:15,248.05
02-12-2020 09:15,246.95
03-12-2020 09:15,256.3
04-12-2020 09:15,263.5
07-12-2020 09:15,269.6
08-12-2020 09:15,271.9
09-12-2020 09:15,270.35
10-12-2020 09:15,269.55
11-12-2020 09:15,272.45
14-12-2020 09:15,274.2
15-12-2020 09:15,270.65
16-12-2020 09:15,269.4
17-12-2020 09:15,267.7
18-12-2020 09:15,271.45
21-12-2020 09:15,254.7
22-12-2020 09:15,257.45
23-12-2020 09:15,263.0
24-12-2020 09:15,266.85
28-12-2020 09:15,275.2
29-12-2020 09:15,277.9
30-12-2020 09:15,276.9
31-12-2020 09:15,274.95
01-01-2021 09:15,279.4
04-01-2021 09:15,281.05
05-01-2021 09:15,281.75
06-01-2021 09:15,285.05
07-01-2021 09:15,287.7
08-01-2021 09:15,286.0
11-01-2021 09:15,282.5
12-01-2021 09:15,292.5
13-01-2021 09:15,306.8
14-01-2021 09:15,307.25
15-01-2021 09:15,303.85
18-01-2021 09:15,294.45
19-01-2021 09:15,298.6
20-01-2021 09:15,302.55
21-01-2021 09:15,294.85
22-01-2021 09:15,283.7
25-01-2021 09:15,280.95
27-01-2021 09:15,275.65
28-01-2021 09:15,282.35
29-01-2021 09:15,282.1
01-02-2021 09:15,310.7
02-02-2021 09:15,333.1
03-02-2021 09:15,335.95
04-02-2021 09:15,355.1
05-02-2021 09:15,393.1
08-02-2021 09:15,397.05
09-02-2021 09:15,394.8
10-02-2021 09:15,392.25
11-02-2021 09:15,390.15
12-02-2021 09:15,393.15
15-02-2021 09:15,406.95
16-02-2021 09:15,402.35
17-02-2021 09:15,411.75
18-02-2021 09:15,415.2
19-02-2021 09:15,399.55
22-02-2021 09:15,389.5
23-02-2021 09:15,395.6
24-02-2021 09:15,406.25
25-02-2021 09:15,407.25
26-02-2021 09:15,390.15
01-03-2021 09:15,394.95
02-03-2021 09:15,394.2
03-03-2021 09:15,405.05
04-03-2021 09:15,395.65
05-03-2021 09:15,383.65
08-03-2021 09:15,389.6
09-03-2021 09:15,387.6
10-03-2021 09:15,387.7
12-03-2021 09:15,381.1
15-03-2021 09:15,383.9
16-03-2021 09:15,378.55
17-03-2021 09:15,368.15
18-03-2021 09:15,367.1
19-03-2021 09:15,371.15
22-03-2021 09:15,367.0
23-03-2021 09:15,372.7
24-03-2021 09:15,359.85
25-03-2021 09:15,355.2
26-03-2021 09:15,357.2
30-03-2021 09:15,360.8
31-03-2021 09:15,364.3
01-04-2021 09:15,370.65
05-04-2021 09:15,353.55
06-04-2021 09:15,350.55
07-04-2021 09:15,358.55
08-04-2021 09:15,355.6
09-04-2021 09:15,353.0
12-04-2021 09:15,328.85
13-04-2021 09:15,341.0
15-04-2021 09:15,342.7
16-04-2021 09:15,339.9
19-04-2021 09:15,331.15
20-04-2021 09:15,329.5
22-04-2021 09:15,336.65
23-04-2021 09:15,336.45
26-04-2021 09:15,344.3
27-04-2021 09:15,353.05
28-04-2021 09:15,363.4
29-04-2021 09:15,359.4
30-04-2021 09:15,353.5
03-05-2021 09:15,350.6
04-05-2021 09:15,351.5
05-05-2021 09:15,355.4
06-05-2021 09:15,355.55
07-05-2021 09:15,358.25
10-05-2021 09:15,361.7
11-05-2021 09:15,364.65
12-05-2021 09:15,367.7
14-05-2021 09:15,360.45
17-05-2021 09:15,383.1
18-05-2021 09:15,382.25
19-05-2021 09:15,384.4
20-05-2021 09:15,384.55
21-05-2021 09:15,401.2
24-05-2021 09:15,412.05
25-05-2021 09:15,412.35
26-05-2021 09:15,413.55
27-05-2021 09:15,425.2
28-05-2021 09:15,422.05
31-05-2021 09:15,424.35
01-06-2021 09:15,432.55
02-06-2021 09:15,437.25
03-06-2021 09:15,439.65
04-06-2021 09:15,433.6
07-06-2021 09:15,432.25
08-06-2021 09:15,427.2
09-06-2021 09:15,421.45
10-06-2021 09:15,432.25
11-06-2021 09:15,429.6
14-06-2021 09:15,430.35
15-06-2021 09:15,429.5
16-06-2021 09:15,425.95
17-06-2021 09:15,420.25
18-06-2021 09:15,412.9
21-06-2021 09:15,419.75
22-06-2021 09:15,418.65
23-06-2021 09:15,418.85
24-06-2021 09:15,417.2
25-06-2021 09:15,428.8
28-06-2021 09:15,426.75
29-06-2021 09:15,421.5
30-06-2021 09:15,419.2
01-07-2021 09:15,420.4
02-07-2021 09:15,424.4
05-07-2021 09:15,432.65
06-07-2021 09:15,429.75
07-07-2021 09:15,432.85
08-07-2021 09:15,424.45
09-07-2021 09:15,423.75
12-07-2021 09:15,427.45
13-07-2021 09:15,429.1
14-07-2021 09:15,431.05
15-07-2021 09:15,431.7
16-07-2021 09:15,430.0
19-07-2021 09:15,427.9
20-07-2021 09:15,420.9
22-07-2021 09:15,422.05
23-07-2021 09:15,428.9
26-07-2021 09:15,423.3
27-07-2021 09:15,429.95
28-07-2021 09:15,425.5
29-07-2021 09:15,441.55
30-07-2021 09:15,431.8
02-08-2021 09:15,434.9
03-08-2021 09:15,446.5
04-08-2021 09:15,456.95
05-08-2021 09:15,441.85
06-08-2021 09:15,435.65
09-08-2021 09:15,433.4
10-08-2021 09:15,426.45
11-08-2021 09:15,428.05
12-08-2021 09:15,427.15
13-08-2021 09:15,431.2
16-08-2021 09:15,424.85
17-08-2021 09:15,421.5
18-08-2021 09:15,419.7
20-08-2021 09:15,406.7
23-08-2021 09:15,409.5
24-08-2021 09:15,417.6
25-08-2021 09:15,416.25
26-08-2021 09:15,410.75
27-08-2021 09:15,412.45
30-08-2021 09:15,422.7
31-08-2021 09:15,426.05
01-09-2021 09:15,429.9
02-09-2021 09:15,429.75
03-09-2021 09:15,431.4
06-09-2021 09:15,431.05
07-09-2021 09:15,429.1
08-09-2021 09:15,431.35
09-09-2021 09:15,432.3
13-09-2021 09:15,432.85
14-09-2021 09:15,433.0
15-09-2021 09:15,443.85
16-09-2021 09:15,463.7
17-09-2021 09:15,454.1
20-09-2021 09:15,437.45
21-09-2021 09:15,438.8
22-09-2021 09:15,438.85
23-09-2021 09:15,449.8
24-09-2021 09:15,440.75
27-09-2021 09:15,446.6
28-09-2021 09:15,444.9
29-09-2021 09:15,460.0
30-09-2021 09:15,453.0
01-10-2021 09:15,451.65
04-10-2021 09:15,463.15
05-10-2021 09:15,464.7
06-10-2021 09:15,457.2
07-10-2021 09:15,457.9
08-10-2021 09:15,458.0
11-10-2021 09:15,469.25
12-10-2021 09:15,483.0
13-10-2021 09:15,481.7
14-10-2021 09:15,490.6
18-10-2021 09:15,497.95
19-10-2021 09:15,488.2
20-10-2021 09:15,499.9
21-10-2021 09:15,502.95
22-10-2021 09:15,502.95
25-10-2021 09:15,506.5
26-10-2021 09:15,512.55
27-10-2021 09:15,519.15
28-10-2021 09:15,501.35
29-10-2021 09:15,502.15
01-11-2021 09:15,515.7
02-11-2021 09:15,521.7
03-11-2021 09:15,527.65
04-11-2021 09:15,530.45
08-11-2021 09:15,523.25
09-11-2021 09:15,529.15
10-11-2021 09:15,524.4
11-11-2021 09:15,509.6
12-11-2021 09:15,511.35
15-11-2021 09:15,506.55
16-11-2021 09:15,495.1
17-11-2021 09:15,498.15
18-11-2021 09:15,503.8
22-11-2021 09:15,486.4
23-11-2021 09:15,493.05
24-11-2021 09:15,493.15
25-11-2021 09:15,490.55
26-11-2021 09:15,470.5
29-11-2021 09:15,465.1
30-11-2021 09:15,460.55
01-12-2021 09:15,475.3
02-12-2021 09:15,477.0
03-12-2021 09:15,473.15
06-12-2021 09:15,465.3
07-12-2021 09:15,476.7
08-12-2021 09:15,491.55
09-12-2021 09:15,488.65
10-12-2021 09:15,494.7
13-12-2021 09:15,487.8
14-12-2021 09:15,488.55
15-12-2021 09:15,484.8
16-12-2021 09:15,481.15
17-12-2021 09:15,467.8
20-12-2021 09:15,449.2
21-12-2021 09:15,446.0
22-12-2021 09:15,455.85
23-12-2021 09:15,461.8
24-12-2021 09:15,456.95
27-12-2021 09:15,458.05
28-12-2021 09:15,461.2
29-12-2021 09:15,454.4
30-12-2021 09:15,451.7
31-12-2021 09:15,460.45
03-01-2022 09:15,470.8
04-01-2022 09:15,483.5
05-01-2022 09:15,492.4
06-01-2022 09:15,491.7
07-01-2022 09:15,491.25
10-01-2022 09:15,503.65
11-01-2022 09:15,505.95
12-01-2022 09:15,510.25
13-01-2022 09:15,511.35
14-01-2022 09:15,508.35
17-01-2022 09:15,514.0
18-01-2022 09:15,506.8
19-01-2022 09:15,515.8
20-01-2022 09:15,511.4
21-01-2022 09:15,502.7
24-01-2022 09:15,494.15
25-01-2022 09:15,514.65
27-01-2022 09:15,528.95
28-01-2022 09:15,523.45
31-01-2022 09:15,538.3
01-02-2022 09:15,532.3
02-02-2022 09:15,539.8
03-02-2022 09:15,540.1
04-02-2022 09:15,530.3
07-02-2022 09:15,533.25
08-02-2022 09:15,531.35
09-02-2022 09:15,535.25
10-02-2022 09:15,540.55
11-02-2022 09:15,529.6
14-02-2022 09:15,501.4
15-02-2022 09:15,524.8
16-02-2022 09:15,516.7
17-02-2022 09:15,512.95
18-02-2022 09:15,515.3
21-02-2022 09:15,511.85
22-02-2022 09:15,498.4
23-02-2022 09:15,498.7
24-02-2022 09:15,472.65
25-02-2022 09:15,482.95
28-02-2022 09:15,483.2
02-03-2022 09:15,474.25
03-03-2022 09:15,467.4
04-03-2022 09:15,461.95
07-03-2022 09:15,440.3
08-03-2022 09:15,440.3
09-03-2022 09:15,451.7
10-03-2022 09:15,468.7
11-03-2022 09:15,470.35
14-03-2022 09:15,485.15
15-03-2022 09:15,485.85
16-03-2022 09:15,492.75
17-03-2022 09:15,501.9
21-03-2022 09:15,490.6
22-03-2022 09:15,493.7
23-03-2022 09:15,490.65
24-03-2022 09:15,487.1
25-03-2022 09:15,490.7
28-03-2022 09:15,497.5
29-03-2022 09:15,495.0
30-03-2022 09:15,494.3
31-03-2022 09:15,493.55
01-04-2022 09:15,508.2
04-04-2022 09:15,512.4
05-04-2022 09:15,509.4
06-04-2022 09:15,513.95
07-04-2022 09:15,514.95
08-04-2022 09:15,516.1
11-04-2022 09:15,514.9
12-04-2022 09:15,512.85
13-04-2022 09:15,517.7
18-04-2022 09:15,509.5
19-04-2022 09:15,511.8
20-04-2022 09:15,509.3
21-04-2022 09:15,516.3
22-04-2022 09:15,500.6
25-04-2022 09:15,494.75
26-04-2022 09:15,505.5
27-04-2022 09:15,497.25
28-04-2022 09:15,507.5
29-04-2022 09:15,496.3
02-05-2022 09:15,491.0
04-05-2022 09:15,479.65
05-05-2022 09:15,480.0
06-05-2022 09:15,483.95
09-05-2022 09:15,475.9
10-05-2022 09:15,475.2
11-05-2022 09:15,476.55
12-05-2022 09:15,462.65
13-05-2022 09:15,444.65
16-05-2022 09:15,455.0
17-05-2022 09:15,467.3
18-05-2022 09:15,458.0
19-05-2022 09:15,447.5
20-05-2022 09:15,462.4
23-05-2022 09:15,460.9
24-05-2022 09:15,462.05
25-05-2022 09:15,454.1
26-05-2022 09:15,468.9
27-05-2022 09:15,468.95
30-05-2022 09:15,474.6
31-05-2022 09:15,468.1
01-06-2022 09:15,468.3
02-06-2022 09:15,469.85
03-06-2022 09:15,464.5
06-06-2022 09:15,463.7
07-06-2022 09:15,463.4
08-06-2022 09:15,471.3
09-06-2022 09:15,466.95
10-06-2022 09:15,461.85
13-06-2022 09:15,445.85
14-06-2022 09:15,448.1
15-06-2022 09:15,451.35
16-06-2022 09:15,441.6
17-06-2022 09:15,441.0
20-06-2022 09:15,434.7
21-06-2022 09:15,450.75
22-06-2022 09:15,447.65
23-06-2022 09:15,451.4
24-06-2022 09:15,454.25
27-06-2022 09:15,461.2
28-06-2022 09:15,464.25
29-06-2022 09:15,459.1
30-06-2022 09:15,465.9
01-07-2022 09:15,466.85
04-07-2022 09:15,473.45
05-07-2022 09:15,472.15
06-07-2022 09:15,479.95
07-07-2022 09:15,486.75
08-07-2022 09:15,488.55
11-07-2022 09:15,488.2
12-07-2022 09:15,484.95
13-07-2022 09:15,486.5
14-07-2022 09:15,479.35
15-07-2022 09:15,479.1
18-07-2022 09:15,490.3
19-07-2022 09:15,497.95
20-07-2022 09:15,508.6
21-07-2022 09:15,512.05
22-07-2022 09:15,513.7
25-07-2022 09:15,517.8
26-07-2022 09:15,514.2
27-07-2022 09:15,528.2
28-07-2022 09:15,532.45
29-07-2022 09:15,528.35
01-08-2022 09:15,533.75
02-08-2022 09:15,542.1
03-08-2022 09:15,540.85
04-08-2022 09:15,533.25
05-08-2022 09:15,531.05
08-08-2022 09:15,520.4
10-08-2022 09:15,514.7
11-08-2022 09:15,524.75
12-08-2022 09:15,530.7
16-08-2022 09:15,525.95
17-08-2022 09:15,528.15
18-08-2022 09:15,532.35
19-08-2022 09:15,520.35
22-08-2022 09:15,511.3
23-08-2022 09:15,521.9
24-08-2022 09:15,519.3
25-08-2022 09:15,520.4
26-08-2022 09:15,523.8
29-08-2022 09:15,514.85
30-08-2022 09:15,531.25
01-09-2022 09:15,533.3
02-09-2022 09:15,536.7
05-09-2022 09:15,538.9
06-09-2022 09:15,537.8
07-09-2022 09:15,532.85
08-09-2022 09:15,544.65
09-09-2022 09:15,553.35
12-09-2022 09:15,554.9
13-09-2022 09:15,558.0
14-09-2022 09:15,571.75
15-09-2022 09:15,572.15
16-09-2022 09:15,561.8
19-09-2022 09:15,572.25
20-09-2022 09:15,574.05
21-09-2022 09:15,569.7
22-09-2022 09:15,567.3
23-09-2022 09:15,550.6
26-09-2022 09:15,543.3
27-09-2022 09:15,536.5
28-09-2022 09:15,524.85
29-09-2022 09:15,521.75
30-09-2022 09:15,530.6
03-10-2022 09:15,519.75
04-10-2022 09:15,532.7
06-10-2022 09:15,537.3
07-10-2022 09:15,530.2
10-10-2022 09:15,530.75
11-10-2022 09:15,527.4
12-10-2022 09:15,533.8
13-10-2022 09:15,521.45
14-10-2022 09:15,527.2
17-10-2022 09:15,543.65
18-10-2022 09:15,562.45
19-10-2022 09:15,553.4
20-10-2022 09:15,555.4
21-10-2022 09:15,560.85
24-10-2022 09:15,570.5
25-10-2022 09:15,578.55
27-10-2022 09:15,579.65
28-10-2022 09:15,570.75
31-10-2022 09:15,573.8
01-11-2022 09:15,576.9
02-11-2022 09:15,573.85
03-11-2022 09:15,584.9
04-11-2022 09:15,593.95
07-11-2022 09:15,614.15
09-11-2022 09:15,615.55
10-11-2022 09:15,605.75
11-11-2022 09:15,601.3
14-11-2022 09:15,592.55
15-11-2022 09:15,600.85
16-11-2022 09:15,599.75
17-11-2022 09:15,599.05
18-11-2022 09:15,602.7
21-11-2022 09:15,598.1
22-11-2022 09:15,599.1
23-11-2022 09:15,607.65
24-11-2022 09:15,609.35
25-11-2022 09:15,607.4
28-11-2022 09:15,608.6
29-11-2022 09:15,608.55
30-11-2022 09:15,602.45
01-12-2022 09:15,608.1
02-12-2022 09:15,607.55
05-12-2022 09:15,617.3
06-12-2022 09:15,608.95
07-12-2022 09:15,607.05
08-12-2022 09:15,611.65
09-12-2022 09:15,616.5
12-12-2022 09:15,613.05
13-12-2022 09:15,616.75
14-12-2022 09:15,625.5
15-12-2022 09:15,615.95
16-12-2022 09:15,603.35
19-12-2022 09:15,604.45
20-12-2022 09:15,604.45
21-12-2022 09:15,593.4
22-12-2022 09:15,593.4
23-12-2022 09:15,574.0
26-12-2022 09:15,597.1
27-12-2022 09:15,601.9
28-12-2022 09:15,601.05
29-12-2022 09:15,611.8
30-12-2022 09:15,613.7
02-01-2023 09:15,612.2
03-01-2023 09:15,612.4
04-01-2023 09:15,605.2
05-01-2023 09:15,605.1
06-01-2023 09:15,600.65
09-01-2023 09:15,607.7
10-01-2023 09:15,595.15
11-01-2023 09:15,596.7
12-01-2023 09:15,594.9
13-01-2023 09:15,600.1
16-01-2023 09:15,603.0
17-01-2023 09:15,592.95
18-01-2023 09:15,591.45
19-01-2023 09:15,589.85
20-01-2023 09:15,592.2
23-01-2023 09:15,600.45
24-01-2023 09:15,594.35
25-01-2023 09:15,568.7
27-01-2023 09:15,539.95
30-01-2023 09:15,538.2
31-01-2023 09:15,553.5
01-02-2023 09:15,527.35
02-02-2023 09:15,528.1
03-02-2023 09:15,544.2
06-02-2023 09:15,545.4
07-02-2023 09:15,547.1
08-02-2023 09:15,549.75
09-02-2023 09:15,550.8
10-02-2023 09:15,553.05
13-02-2023 09:15,537.5
14-02-2023 09:15,540.85
15-02-2023 09:15,542.25
16-02-2023 09:15,540.1
17-02-2023 09:15,531.0
20-02-2023 09:15,525.15
21-02-2023 09:15,523.45
22-02-2023 09:15,516.35
23-02-2023 09:15,521.0
24-02-2023 09:15,521.05
27-02-2023 09:15,527.7
28-02-2023 09:15,522.8
01-03-2023 09:15,536.7
02-03-2023 09:15,533.75
03-03-2023 09:15,561.2
06-03-2023 09:15,561.7
08-03-2023 09:15,564.8
09-03-2023 09:15,558.9
10-03-2023 09:15,547.35
13-03-2023 09:15,530.0
14-03-2023 09:15,525.4
15-03-2023 09:15,517.55
16-03-2023 09:15,524.5
17-03-2023 09:15,529.8
20-03-2023 09:15,519.2
21-03-2023 09:15,521.85
22-03-2023 09:15,521.55
23-03-2023 09:15,512.75
24-03-2023 09:15,505.35
27-03-2023 09:15,510.15
28-03-2023 09:15,508.1
29-03-2023 09:15,516.5
31-03-2023 09:15,523.75
03-04-2023 09:15,526.75
05-04-2023 09:15,523.0
06-04-2023 09:15,527.65
10-04-2023 09:15,526.3
11-04-2023 09:15,532.1
12-04-2023 09:15,528.2
13-04-2023 09:15,532.95
17-04-2023 09:15,544.0
18-04-2023 09:15,545.85
19-04-2023 09:15,540.3
20-04-2023 09:15,544.8
21-04-2023 09:15,543.15
24-04-2023 09:15,554.6
25-04-2023 09:15,561.8
26-04-2023 09:15,566.35
27-04-2023 09:15,564.75
28-04-2023 09:15,578.3
02-05-2023 09:15,575.3
03-05-2023 09:15,570.5
04-05-2023 09:15,580.0
05-05-2023 09:15,576.5
08-05-2023 09:15,583.6
09-05-2023 09:15,573.5
10-05-2023 09:15,572.2
11-05-2023 09:15,573.45
12-05-2023 09:15,578.15
15-05-2023 09:15,581.9
16-05-2023 09:15,586.3
17-05-2023 09:15,586.3
18-05-2023 09:15,574.2
19-05-2023 09:15,575.15
22-05-2023 09:15,577.15
23-05-2023 09:15,581.6
24-05-2023 09:15,582.7
25-05-2023 09:15,581.25
26-05-2023 09:15,586.0
29-05-2023 09:15,595.0
30-05-2023 09:15,592.8
31-05-2023 09:15,579.85
01-06-2023 09:15,582.75
02-06-2023 09:15,587.2
05-06-2023 09:15,587.2
06-06-2023 09:15,585.35
07-06-2023 09:15,589.2
08-06-2023 09:15,588.5
09-06-2023 09:15,578.7
12-06-2023 09:15,578.65
13-06-2023 09:15,576.4
14-06-2023 09:15,576.55
15-06-2023 09:15,566.5
16-06-2023 09:15,571.25
19-06-2023 09:15,568.85
20-06-2023 09:15,567.4
21-06-2023 09:15,566.35
22-06-2023 09:15,562.95
23-06-2023 09:15,554.6
26-06-2023 09:15,557.05
27-06-2023 09:15,566.1
28-06-2023 09:15,569.8
30-06-2023 09:15,572.85
03-07-2023 09:15,585.45
04-07-2023 09:15,589.25
05-07-2023 09:15,590.6
06-07-2023 09:15,592.5
07-07-2023 09:15,593.6
10-07-2023 09:15,592.6
11-07-2023 09:15,588.55
12-07-2023 09:15,589.25
13-07-2023 09:15,585.65
14-07-2023 09:15,584.4
17-07-2023 09:15,601.1
18-07-2023 09:15,592.35
19-07-2023 09:15,601.45
20-07-2023 09:15,610.05
21-07-2023 09:15,615.1
24-07-2023 09:15,617.65
25-07-2023 09:15,609.6
26-07-2023 09:15,615.15
27-07-2023 09:15,616.55
28-07-2023 09:15,616.05
31-07-2023 09:15,620.2
01-08-2023 09:15,611.85
02-08-2023 09:15,598.45
03-08-2023 09:15,590.5
04-08-2023 09:15,573.3
07-08-2023 09:15,567.9
08-08-2023 09:15,573.1
09-08-2023 09:15,573.75
10-08-2023 09:15,573.65
11-08-2023 09:15,574.15
14-08-2023 09:15,560.8
16-08-2023 09:15,565.35
17-08-2023 09:15,572.15
18-08-2023 09:15,572.95
21-08-2023 09:15,571.7
22-08-2023 09:15,568.5
23-08-2023 09:15,576.9
24-08-2023 09:15,576.95
25-08-2023 09:15,569.95
